Keyword,Reddit Thread URL,Clients,Thread Success Pulse,Reddit Thread Status (General),Reddit Assignee,SEO Assignee,Thread Type,Notes,Related SEO Keyword,Reddit Comments,Thread SEO Traffic ,Thread SEO Traffic Value,Month,Reddit Thread Status Approvals,Reddit Thread Status Approval
best pos for convenience store,https://www.reddit.com/r/POS/comments/1fw9suy/small_convenience_store_looking_for_new_pos/,Korona POS,1X Comment In Thread,Thread In Process (External),,,Existing Thread,,best pos convenience store,"Comment #1 -- Reddit Thread #,Comment #2 -- Reddit Thread,Comment #3 -- Reddit Thread,Comment #4 -- Reddit Thread",207,$200.00,,Needs Revision,Needs Revision
coffee shop POS,https://www.reddit.com/r/barista/comments/18o6rg0/whats_the_best_pos_software_for_a_cafe/,Korona POS,1X Comment In Thread,Thread In Process (External),,,Existing Thread,,best pos system for coffee shop,"Comment #1 -- Reddit Thread #,Comment #2 -- Reddit Thread,Comment #3 -- Reddit Thread,Comment #4 -- Reddit Thread",503,$6000.00,,Needs Revision,Needs Revision
best inventory management software,https://www.reddit.com/r/InventoryManagement/comments/195c1hf/recommendation_for_inventory_management_software/,Korona POS,1X Comment In Thread,Thread In Process (External),,,Existing Thread,,best inventory management software,"Comment #1 -- Reddit Thread #,Comment #2 -- Reddit Thread ,Unnamed record,Comment #3 -- Reddit Thread",4400,$44400.00,June 2025,Needs Revision,Needs Revision
best pos system retail,https://www.reddit.com/r/smallbusiness/comments/tn2fxh/retail_owners_what_pos_system/,Korona POS,1X Comment In Thread,Thread In Process (External),,,Existing Thread,,best retail pos,"Comment #1 -- Reddit Thread #,Comment #2 -- Reddit Thread,Comment #3 -- Reddit Thread",850,$9003.00,,Needs Revision,Needs Revision
enterprise fleet management reviews,https://www.reddit.com/r/SafetyProfessionals/comments/1hldzqw/enterprise_fleet_management_experience/,One Step GPS,1X Comment In Thread,Thread In Process (External),,,Existing Thread,,,"Comment #1,Comment #2,Comment #3",31,$190.00,,Needs Revision,Needs Revision
best fleet management software,https://www.reddit.com/r/selfhosted/comments/1com895/looking_for_a_very_simple_fleet_management/,One Step GPS,1X Comment In Thread,Thread In Process (External),,,Existing Thread,,,"Comment #1,Comment #2",125,$1800.00,,Needs Revision,Needs Revision
inventory management systems small business,https://www.reddit.com/r/smallbusiness/comments/1avblky/inventory_management_software_recommendations/,Korona POS,1X Comment In Thread,Thread In Process (External),,,Existing Thread,,inventory management software small business,"Comment #1 -- Reddit Thread #,Comment #2 -- Reddit Thread ,Comment #3 -- Reddit Thread ",1003,$15600.00,,Needs Revision,Needs Revision
usertesting alternatives,https://www.reddit.com/r/userexperience/comments/ete5h7/affordable_alternatives_to_usertestingcom/,Lyssna,No Comment in Thread,Thread To Do Next (External),,,Existing Thread,,usertesting alternatives,,98,$547.00,,Resubmitted,Resubmitted
usability testing tools,https://www.reddit.com/r/UXResearch/comments/1ajhhhk/what_is_everyones_favorite_uxusability_testing/,Lyssna,1X Comment In Thread,Thread In Process (External),,,Existing Thread,,usability testing tools,"Comment #1 -- Reddit Thread #,Comment #2,Comment #3,Comment #4",365,$2900.00,,Needs Revision,Needs Revision
hotjar alternatives,https://www.reddit.com/r/UXDesign/comments/smsxd5/alternatives_to_hotjar_crazyegg_fullstory/,Lyssna,1X Comment In Thread,Thread In Process (External),,,Existing Thread,,hotjar alternatives,"Comment #1 -- Reddit Thread #,Comment #2,Comment #3,Comment #4",162,$2002.00,,Needs Revision,Needs Revision
identify anonymous website visitors,https://www.reddit.com/r/SaaS/comments/1cv6s42/identify_anonymous_web_visitors/,Default,No Comment in Thread,Thread To Do Next (External),,,Existing Thread,,identify anonymous website visitors,,380,$2600.00,,Resubmitted,Resubmitted
sales tech stack,https://www.reddit.com/r/sales/comments/14r6dg3/my_sales_tech_stack_recommendations_for_anyone/,Default,No Comment in Thread,Thread Proposed,,,New Thread,,sales tech stack,,134,$832.00,,,
crm cleanup,https://www.reddit.com/r/CRM/comments/19d682l/tool_to_cleanupdate_crm_data/,Default,No Comment in Thread,Thread To Do Next (External),,,Existing Thread,,crm cleanup,,120,$494.00,,Resubmitted,Resubmitted
google data studio seo report,https://www.reddit.com/r/GoogleDataStudio/comments/10977ch/data_studio_looker_seo_report_template/,Reporting Ninja,1X Comment In Thread,Thread In Process (External),,,Existing Thread,,google data studio seo report,"Comment #1 -- Reddit Thread #,Comment #2",414,$597.00,,Needs Revision,Needs Revision
supermetrics alternatives,https://www.reddit.com/r/hubspot/comments/11hxra3/better_alternative_to_supermetrics_for_sheets/,Reporting Ninja,1X Comment In Thread,Thread In Process (External),,,Existing Thread,,supermetrics alternatives,"Comment #1 -- Reddit Thread #,Comment #2,Comment #3,Comment #4",168,$4600.00,,Needs Revision,Needs Revision
linux firewall,https://www.reddit.com/r/homelab/comments/wps62z/what_linux_firewall_os_would_you_recommend/,TuxCare,1X Comment In Thread,Thread In Process (External),,,Existing Thread,,linux firewall,"Comment #1 -- Reddit Thread #,Comment #2,Comment #3,Comment #4",250,$626.00,,Needs Revision,Needs Revision
Linux Hardening,https://www.reddit.com/r/linux/comments/1dh1nus/whats_your_favourite_guide_to_harden_a_new_linux/,TuxCare,1X Comment In Thread,Thread In Process (External),,,Existing Thread,,Linux Hardening,"Comment #1 -- Reddit Thread #,Comment #2,Comment #3",256,$522.00,,Needs Revision,Needs Revision
looker vs sisense,https://www.reddit.com/r/BusinessIntelligence/comments/ec3cad/looker_vs_sisense_for_embedded_analytics/,QRVey,2X Comments In Thread,Thread In Process (External),,,Existing Thread,,looker vs sisense,"Comment #1 -- Reddit Thread #,Comment #1 -- Reddit Thread #,Comment #2 -- Reddit Thread ,Comment #3 -- Reddit Thread ,Comment #4 -- Reddit Thread ,Comment #2 -- Reddit Thread,Comment #3 -- Reddit Thread,Comment #4 -- Reddit Thread",4,$42.00,,Needs Revision,Needs Revision
Best Embedded Analytics Tools,https://www.reddit.com/r/BusinessIntelligence/comments/1ik90ju/best_embedded_analytics_tool/,QRVey,1X Comment In Thread,Thread In Process (External),,,Existing Thread,,Embeddable - Best Embedded Analytics Tools,"Comment #1 -- Reddit Thread #,Comment #2,Comment #3,Comment #4",151,$2500.00,,Needs Revision,Needs Revision
 Best Embedded Analytics Tools,,Default,,,,,,,,,,,June 2025,,
ozempic side effects reddit,https://www.reddit.com/r/Ozempic/comments/1bd9evo/what_side_effects_have_you_had/,Ivy Rx,1X Comment In Thread,Thread In Process (External),,,Existing Thread,,ozempic side effects reddit,"Comment #1 -- Reddit Thread #,Comment #2 -- Reddit Thread,Comment #3 -- Reddit Thread ,Comment #4 -- Reddit Thread",760,$1400.00,,Needs Revision,Needs Revision
wegovy fatigue,https://www.reddit.com/r/Wegovy/comments/1fdos3a/anyone_else_feeling_exhausted_on_wegovy/,Ivy Rx,1X Comment In Thread,Thread In Process (External),,,Existing Thread,,wegovy fatigue,"Comment #1 -- Reddit Thread #,Comment #2 -- Reddit Thread ,Comment #3 -- Reddit Thread ,Comment #4 -- Reddit Thread",635,$3100.00,,Needs Revision,Needs Revision
copper peptides ruined my skin,https://www.reddit.com/r/SkincareAddiction/comments/gsrvzs/psa_finally_a_dr_explains_the_mechanism_behind/,Ivy Rx,1X Comment In Thread,Thread In Process (External),,,Existing Thread,,copper peptides ruined my skin,"Comment #1 -- Reddit Thread #,Comment #2 -- Reddit Thread,Comment #3 -- Reddit Thread,Comment #4 -- Reddit Thread",201,$223.00,,Needs Revision,Needs Revision
peptides for muscle growth,https://www.reddit.com/r/eds/comments/16lh5f7/anyone_used_bpc157_or_similar_peptides_or_any/,Ivy Rx,1X Comment In Thread,Thread In Process (External),,,Existing Thread,,peptides for muscle growth,"Comment #1 -- Reddit Thread #,Comment #2 -- Reddit Thread ,Comment #3 -- Reddit Thread",234,$404.00,,Needs Revision,Needs Revision
nad injections reviews,https://www.reddit.com/r/45PlusSkincare/comments/1h4u0km/has_anyone_tried_nad/,Ivy Rx,1X Comment In Thread,Thread In Process (External),,,Existing Thread,,nad injections reviews,"Comment #1 -- Reddit Thread #,Comment #2 -- Reddit Thread ,Comment #3 -- Reddit Thread,Comment #4 -- Reddit Thread",688,$1400.00,,Needs Revision,Needs Revision
sermorelin sublingual reviews,https://www.reddit.com/r/eds/comments/1fuid5l/has_anyone_taken_sermorelin_peptides_its_the/,Ivy Rx,1X Comment In Thread,Thread In Process (External),,,Existing Thread,,sermorelin sublingual reviews,"Comment #1 -- Reddit Thread #,Comment #2 -- Reddit Thread ,Comment #3 -- Reddit Thread ,Comment #4 -- Reddit Thread ",702,$1003.00,,Needs Revision,Needs Revision
best saas seo agency,https://www.reddit.com/r/SaaS/comments/1auocaa/any_saas_seo_agencies_recommendations/,Scalerrs,1X Comment In Thread,Thread In Process (External),,,Existing Thread,,best saas seo agency,"Comment #1 -- Reddit Thread #,Comment #2",227,$2700.00,,Needs Revision,Needs Revision
saas marketing,https://www.reddit.com/r/SaaS/comments/174640b/ive_been_doing_saas_marketing_for_almost_20_years/,Scalerrs,1X Comment In Thread,Thread In Process (External),,,Existing Thread,,saas marketing,"Comment #1 -- Reddit Thread #,Comment #2,Comment #3",203,$1300.00,,Needs Revision,Needs Revision
saas link building,https://www.reddit.com/r/SaaS/comments/1igut6p/top_5_worst_common_linkbuilding_techniques_for/,Scalerrs,1X Comment In Thread,Thread In Process (External),,,Existing Thread,,saas link building,"Comment #1 -- Reddit Thread #,Comment #2,Comment #3",55,$1200.00,,Needs Revision,Needs Revision